slug;text
crafting.fire;Fire
crafting.cookpot;Cookpot
crafting.ice;Ice
effect.hearts;Hearts
effect.bonusstamina;BonusStamina
effect.stamina;Stamina
effect.haste;Haste
effect.bonushearts;BonusHearts
effect.sneak;Sneak
effect.coldresistance;ColdResistance
effect.fireresistance;FireResistance
effect.fireproof;Fireproof
effect.electricresistance;ElectricResistance
effect.attack;Attack
effect.defence;Defence
items.hearty-durian;Hearty Durian
items.palm-fruit;Palm Fruit
items.apple;Apple
items.wildberry;Wildberry
items.hydromelon;Hydromelon
items.spicy-pepper;Spicy Pepper
items.voltfruit;Voltfruit
items.fleet-lotus-seeds;Fleet-Lotus Seeds
items.mighty-bananas;Mighty Bananas
items.big-hearty-truffle;Big Hearty Truffle
items.hearty-truffle;Hearty Truffle
items.hylian-shroom;Hylian Shroom
items.endura-shroom;Endura Shroom
items.stamella-shroom;Stamella Shroom
items.chillshroom;Chillshroom
items.sunshroom;Sunshroom
items.zapshroom;Zapshroom
items.rushroom;Rushroom
items.razorshroom;Razorshroom
items.ironshroom;Ironshroom
items.silent-shroom;Silent Shroom
items.big-hearty-radish;Big Hearty Radish
items.hearty-radish;Hearty Radish
items.endura-carrot;Endura Carrot
items.hyrule-herb;Hyrule Herb
items.swift-carrot;Swift Carrot
items.fortified-pumpkin;Fortified Pumpkin
items.cool-safflina;Cool Safflina
items.warm-safflina;Warm Safflina
items.electric-safflina;Electric Safflina
items.swift-violet;Swift Violet
items.mighty-thistle;Mighty Thistle
items.armoranth;Armoranth
items.blue-nightshade;Blue Nightshade
items.silent-princess;Silent Princess
items.raw-gourmet-meat;Raw Gourmet Meat
items.raw-whole-bird;Raw Whole Bird
items.raw-prime-meat;Raw Prime Meat
items.raw-bird-thigh;Raw Bird Thigh
items.raw-meat;Raw Meat
items.raw-bird-drumstick;Raw Bird Drumstick
items.courser-bee-honey;Courser Bee Honey
items.hylian-rice;Hylian Rice
items.acorn;Acorn
items.chickaloo-tree-nut;Chickaloo Tree Nut
items.bird-egg;Bird Egg
items.tabantha-wheat;Tabantha Wheat
items.fresh-milk;Fresh Milk
items.cane-sugar;Cane Sugar
items.goat-butter;Goat Butter
items.goron-spice;Goron Spice
items.rock-salt;Rock Salt
items.monster-extract;Monster Extract
items.star-fragment;Star Fragment
items.dinraals-scale;Dinraal's Scale
items.dinraals-claw;Dinraal's Claw
items.shard-of-dinraals-fang;Shard of Dinraal's Fang
items.shard-of-dinraals-horn;Shard of Dinraal's Horn
items.naydras-scale;Naydra's Scale
items.naydras-claw;Naydra's Claw
items.shard-of-naydras-fang;Shard of Naydra's Fang
items.shard-of-naydras-horn;Shard of Naydra's Horn
items.faroshs-scale;Farosh's Scale
items.faroshs-claw;Farosh's Claw
items.shard-of-faroshs-fang;Shard of Farosh's Fang
items.shard-of-faroshs-horn;Shard of Farosh's Horn
items.hearty-salmon;Hearty Salmon
items.hearty-bass;Hearty Bass
items.hyrule-bass;Hyrule Bass
items.staminoka-bass;Staminoka Bass
items.chillfin-trout;Chillfin Trout
items.sizzlefin-trout;Sizzlefin Trout
items.voltfin-trout;Voltfin Trout
items.stealthfin-trout;Stealthfin Trout
items.mighty-carp;Mighty Carp
items.armored-carp;Armored Carp
items.sanke-carp;Sanke Carp
items.mighty-porgy;Mighty Porgy
items.armored-porgy;Armored Porgy
items.sneaky-river-snail;Sneaky River Snail
items.hearty-blueshell-snail;Hearty Blueshell Snail
items.razorclaw-crab;Razorclaw Crab
items.ironshell-crab;Ironshell Crab
items.bright-eyed-crab;Bright Eyed Crab
items.fairy;Fairy
items.winterwing-butterfly;Winterwing Butterfly
items.summerwing-butterfly;Summerwing Butterfly
items.thunderwing-butterfly;Thunderwing Butterfly
items.smotherwing-butterfly;Smotherwing Butterfly
items.cold-darner;Cold Darner
items.warm-darner;Warm Darner
items.electric-darner;Electric Darner
items.restless-cricket;Restless Cricket
items.bladed-rhino-beetle;Bladed Rhino Beetle
items.rugged-rhino-beetle;Rugged Rhino Beetle
items.energetic-rhino-beetle;Energetic Rhino Beetle
items.sunset-firefly;Sunset Firefly
items.hot-footed-frog;Hot-Footed Frog
items.tireless-frog;Tireless Frog
items.hightail-lizard;Hightail Lizard
items.hearty-lizard;Hearty Lizard
items.fireproof-lizard;Fireproof Lizard
items.flint;Flint
items.amber;Amber
items.opal;Opal
items.luminous-stone;Luminous Stone
items.topaz;Topaz
items.ruby;Ruby
items.sapphire;Sapphire
items.diamond;Diamond
items.bokoblin-horn;Bokoblin Horn 
items.bokoblin-fang;Bokoblin Fang
items.bokoblin-guts;Bokoblin Guts
items.moblin-horn;Moblin Horn
items.moblin-fang;Moblin Fang
items.moblin-guts;Moblin Guts
items.lizalfos-horn;Lizalfos Horn
items.lizalfos-talon;Lizalfos Talon
items.lizalfos-tail;Lizalfos Tail
items.icy-lizalfos-tail;Icy Lizalfos Tail
items.red-lizalfos-tail;Red Lizalfos Tail
items.yellow-lizalfos-tail;Yellow Lizalfos Tail
items.lynel-horn;Lynel Horn
items.lynel-hoof;Lynel Hoof
items.lynel-guts;Lynel Guts
items.chuchu-jelly;Chuchu Jelly
items.white-chuchu-jelly;White Chuchu Jelly
items.red-chuchu-jelly;Red Chuchu Jelly
items.yellow-chuchu-jelly;Yellow Chuchu Jelly
items.keese-wing;Keese Wing
items.ice-keese-wing;Ice Keese Wing
items.fire-keese-wing;Fire Keese Wing
items.electric-keese-wing;Electric Keese Wing
items.keese-eyeball;Keese Eyeball
items.octoroktentacle;OctorokTentacle
items.octorok-eyeball;Octorok Eyeball
items.octo-balloon;Octo Balloon
items.mulduga-fin;Mulduga Fin
items.molduga-guts;Molduga Guts
items.hinox-toenail;Hinox Toenail
items.hinox-tooth;Hinox Tooth
items.hinox-guts;Hinox Guts
items.ancient-screw;Ancient Screw
items.ancient-spring;Ancient Spring
items.ancient-gear;Ancient Gear
items.ancient-shaft;Ancient Shaft
items.ancient-core;Ancient Core
items.giant-ancient-core;Giant Ancient Core
items.wood;Wood
items.hearty-durian.description;Details not available yet.
items.palm-fruit.description;Fruit from palm trees that grow near the ocean. It doesn't offer any special effects but will increase your heart recovery when used as an ingredient.
items.apple.description;A common fruit found on trees all around Hyrule. Eat it fresh, or cook it to increase its effect.
items.wildberry.description;A fruit that grows in cold, snowy regions known for its tangy, sweet flavor. It doesn't offer any special effects, but it's a popular cooking ingredient.
items.hydromelon.description;Details not available yet.
items.spicy-pepper.description;This pepper is exploding with spice. Cook with it to create dishes that will raise your body temperature and help you withstand the cold.
items.voltfruit.description;Cacti found in the Gerudo Desert bear this sweet fruit. It's naturally insulated, so when cooked into a dish, it provides resistance against electricity.
items.fleet-lotus-seeds.description;The plant that bears these seeds grows near deep water. The roots draw nutrients from the water, which boosts your movement speed when the seeds are cooked into a dish.
items.mighty-bananas.description;This fruit grows mainly in tropical forests of the Faron region. When it's used as an ingredient, the resulting dish will temporarily increase your attack power.
items.big-hearty-truffle.description;Details not available yet.
items.hearty-truffle.description;This rare mushroom has a rich scent. Cook it before eating to temporarily increase your maximum hearts.
items.hylian-shroom.description;A common mushroom found near trees around Hyrule. Eat it to restore half a heart.
items.endura-shroom.description;A rare yellowish-orange mushroom. Cook it before eating to temporarily increase your stamina limit.
items.stamella-shroom.description;A green mushroom that grows near trees in the forest. It's chock-full of natural energy. Cook it to release its stamina-restoration properties.
items.chillshroom.description;Details not available yet.
items.sunshroom.description;A bright red mushroom that grows in hot climates. Imbued with the power of heat, they can be used to cook dishes that will allow you to endure the bitter cold.
items.zapshroom.description;Details not available yet.
items.rushroom.description;A mushroom that can grow almost anywhere but prefers ceilings and sheer cliffs. Cook it before eating to temporarily increase your movement speed.
items.razorshroom.description;This mushroom is known for the natural slice in its cap. Eating it fosters your competitive spirit. Use it when cooking to prepare a dish that will increase your strength.
items.ironshroom.description;The cap of this mushroom is very hard. Use it when cooking to prepare a dish that increases your defense.
items.silent-shroom.description;A strange mushroom that glows quietly in the forest at night. Cook it before eating to temporarily gain increased stealth.
items.big-hearty-radish.description;This hearty radish has grown much larger than the average radish. It's rich in analeptic compounds that, when cooked into a dish, temporarily increase your maximum hearts.
items.hearty-radish.description;A rare radish that grows best in sunny plains. Cook it before eating to temporarily increase your maximum hearts.
items.endura-carrot.description;Highly valued as a medicinal plant, this carrot contains large amounts of nourishing energy. When cooked into a dish, it boosts your stamina beyond its maximum limit.
items.hyrule-herb.description;This healthy herb grows abundantly in the plains of Hyrule. Cook it before eating to increase the number of hearts it restores.
items.swift-carrot.description;This carrot is cultivated extensively in Kakariko Village. It strengthens the legs and hips when cooked into a dish, which helps increase your movement speed.
items.fortified-pumpkin.description;An extremely tough pumpkin raised in village fields. When cooked, that toughness manifests itself by considerably upping defense.
items.cool-safflina.description;This medicinal plant grows in high elevations, such as mountains in the Hebra or Gerudo regions. When cooked into a dish, it will temporarily increase your heat resistance.
items.warm-safflina.description;This medicinal plant grows in hot regions, such as the Gerudo Desert. It's warm to the touch and increases your cold resistance when cooked into a dish.
items.electric-safflina.description;This medicinal plant grows abundantly in the Gerudo Desert. Its peculiar fibers conduct electricity, which will increase your electricity resistance when cooked into a dish.
items.swift-violet.description;This vitality-rich flower blooms mainly on cliffsides. When cooked into a dish, the nourishing compounds increase your movement speed.
items.mighty-thistle.description;This medicinal plant is known for its sharp thorns and for the fruit it bears. The fruit contains a compound that increases attack power when cooked into a dish.
items.armoranth.description;This touch medicinal plant cannot be broken, but it can be cooked. Its durable yet flexible fibers raise your defense when cooked into a dish.
items.blue-nightshade.description;A plant that grows in quieter areas of Hyrule. At night, it gives off a soft glow. Cook with it to increase your stealth.
items.silent-princess.description;This lovely flower was said to have been a favorite of the princess of Hyrule. Once feared to have gone extinct, it's recently been spotted growing in the wild.
items.raw-gourmet-meat.description;This prized cut of meat is usually from a large animal. Any connoisseur would rank this tender, juicy cut of meat gourmet. Expect an exquisite meal when cooking with this.
items.raw-whole-bird.description;Details not available yet.
items.raw-prime-meat.description;A fresh, high-quality piece of animal meat. This stuff isnt easy to come by, so savor it. Cook it to recover more hearts.
items.raw-bird-thigh.description;Details not available yet.
items.raw-meat.description;Meat obtained from animals in plains and forests. You can eat it raw, but cooking it will make it more delicious and nutritious.
items.raw-bird-drumstick.description;This meat is tougher and chewier than a standard Steak. Tastes better cooked.
items.courser-bee-honey.description;Sweet honey chock-full of nutrients! Rather than eating it raw, try cooking with it to unlock its stamina-restoring effects.
items.hylian-rice.description;This grain is a favorite among residents of Kakariko Village. It's grown in regions with a lot of water and is quite versatile. Used as an ingredient in things like risotto and rice balls.
items.acorn.description;Often found on the ground near trees. Squirrels adore this nut, so you may have competition while foraging. Add one to a meal for a nutty seasoning.
items.chickaloo-tree-nut.description;Small birds love this nut. You can eat it raw for a minor effect, but it can also be added as a spice to other recipes.
items.bird-egg.description;A fresh bird egg necessary for making dishes such as omelets and crepes. You can snag them from birds' nests if you're sneaky. Nutritious and delicious, perfect.
items.tabantha-wheat.description;Details not available yet.
items.fresh-milk.description;Details not available yet.
items.cane-sugar.description;Details not available yet.
items.goat-butter.description;Details not available yet.
items.goron-spice.description;Details not available yet.
items.rock-salt.description;Crystallized salt from the ancient sea commonly used to season meals. Cannot be eaten in this form.
items.monster-extract.description;A result of Kilton's research into monsters, this suspicious spice can be used to punch up dishes while cooking. Apparently it can be used to make a number of monstrous meals.
items.star-fragment.description;Details not available yet.
items.dinraals-scale.description;Details not available yet.
items.dinraals-claw.description;Details not available yet.
items.shard-of-dinraals-fang.description;Details not available yet.
items.shard-of-dinraals-horn.description;Details not available yet.
items.naydras-scale.description;Details not available yet.
items.naydras-claw.description;Details not available yet.
items.shard-of-naydras-fang.description;Details not available yet.
items.shard-of-naydras-horn.description;Details not available yet.
items.faroshs-scale.description;Details not available yet.
items.faroshs-claw.description;Details not available yet.
items.shard-of-faroshs-fang.description;Details not available yet.
items.shard-of-faroshs-horn.description;Details not available yet.
items.hearty-salmon.description;This fish makes its home in cold water, giving it extra layers of fat. It temporarily increases your maximum hearts when used in cooking.
items.hearty-bass.description;Details not available yet.
items.hyrule-bass.description;An ordinary fish that can be found all over Hyrule. Can be eaten raw, but its healing effects are amplified when cooked. 
items.staminoka-bass.description;This Hyrule bass got to be the biggest fish by never getting caught (until now). Its long life results in a cooked dish that will restore a lot of stamina.
items.chillfin-trout.description;This blue trout prefers cold bodies of water. Its skin contains enzymes that keep its body cool, and when cooked into a dish, it will temporarily boost your heat resistance.
items.sizzlefin-trout.description;Consuming the bioluminescent compound that makes this fish glow in the dark will increase concentration. Dishes cooked with it will suppress noise when consumed.
items.voltfin-trout.description;Details not available yet.
items.stealthfin-trout.description;Details not available yet.
items.mighty-carp.description;This freshwater fish lives alongside its less mighty carp ilk. A compound in its liver promotes muscle growth. Dishes cooked with it will temporarily increase your attack power.
items.armored-carp.description;Calcium deposits in the scales of this ancient fish make them as hard as armor. Cooking it into a dish will fortify your bones, temporarily increasing your defense.
items.sanke-carp.description;Details not available yet.
items.mighty-porgy.description;This ocean-dwelling fish comes with one rude attitude. The compounds in its flesh elevate your competitive spirit when it's cooked into a dish, thus increasing your attack power.
items.armored-porgy.description;Details not available yet.
items.sneaky-river-snail.description;This large, glow-in-the-dark snail lives in fresh water. When cooked into a dish, it heightens your senses so you can move about silently.
items.hearty-blueshell-snail.description;Details not available yet.
items.razorclaw-crab.description;Details not available yet.
items.ironshell-crab.description;Details not available yet.
items.bright-eyed-crab.description;Details not available yet.
items.fairy.description;This fairy will fly from your pouch and heall all your wounds the moment you lose your last heart. It's easilly mistaken for a firefly at first, but it glows in the daylight as well as night.
items.winterwing-butterfly.description;The powdery scales of this butterfly's wings cool the air around it. Watching it flutter around snowflakes is a thing of beauty. Cook it with monster parts for a heat-resistant elixir.
items.summerwing-butterfly.description;A butterfly found in the woods and plains of warm regions. Its wings absorb the warmth of the sun. Cook it with monster parts to create an elixir that makes you feel warm and fuzzy.
items.thunderwing-butterfly.description;This rare butterfly only shows itself when it rains. The organs in its body produce an insulating compound. When made into an elixir, it offers electrical resistance.
items.smotherwing-butterfly.description;Details not available yet.
items.cold-darner.description;This dragonfly prefers the cool shade of trees to the warmth of the sun. Its wings disperse heat from its body, which can be cooked into a heat-resistant elixir.
items.warm-darner.description;This dragonfly has a special organ that causes it to sweat profusely. Cook it with monster parts for an elixir that will raise your core temperatures so you can resist the cold.
items.electric-darner.description;This rare dragonfly only appears in the rain. Its wings direct electricity away from its body. Cook it with monster parts for an electricity-resistant elixir.
items.restless-cricket.description;A very energetic cricket. Cook it with monster parts to create a stamina-boosting elixir.
items.bladed-rhino-beetle.description;Details not available yet.
items.rugged-rhino-beetle.description;This beetle's hard body resembles armor. When the shell is cooked with monster parts, the resulting elixir boosts your defense.
items.energetic-rhino-beetle.description;Details not available yet.
items.sunset-firefly.description;These fireflies glow gently in the dark. When cooked with monster parts, the compound that causes it to glow results in an elixir that will allow you to move more quietly.
items.hot-footed-frog.description;An energetic frog that can be found hopping around near water. Cook it with monster parts to draw out its speed-boost effect.
items.tireless-frog.description;This rare frog only ventures out in the rain. When cooked with monster parts, the elixir it produces will temporarily increase your maximum stamina.
items.hightail-lizard.description;A lizard that darts off quickly when it senses danger. Cook it alongside monster parts to increase your movement speed.
items.hearty-lizard.description;Details not available yet.
items.fireproof-lizard.description;Details not available yet.
items.flint.description;Strike it with a metallic weapon to generate a spark. The portable fire starter breaks after one use, but it can create a long-lasting flame if you use it near firewood.
items.amber.description;A fossilized resin with a caramelesque sheen to it. It's been valued as a component in decorations and crafting since ancient times.
items.opal.description;A valuable ore that gives off a mesmerizing iridescence similar to the inside of a seashell. It contains the power of water.
items.luminous-stone.description;This mysterious mineral gives off a pale blue glow in the dark, which some believe to be souls of the undead. Apparently, this stone can be used as a base to make special clothing.
items.topaz.description;This rare yellow gem is said to contain electrical powers and can be sold for a high price.
items.ruby.description;A valuable material mined from large stones in Hyrule. Rubies hold the power of fire within them. Can be sold for a very high price.
items.sapphire.description;A valuable blue gem mined from natural rock formations. Sapphires are said to contain the essence of ice within them. Sells for a very high price.
items.diamond.description;The most precious gem one can find in Hyrule, its signature sparkle has charmed Hyruleans for generations. As such, it has sold for a very high price since ancient times.
items.bokoblin-horn.description;The severed horn of a Bokoblin, a creature often encountered on the plains of Hyrule. It isn't edible, but it can be tossed into a stew with some critters to make an elixir. 
items.bokoblin-fang.description;A sharp tooth obtained from a Bokoblin. You can sell it, but it also has other uses.
items.bokoblin-guts.description;A rare material obtained by defeating a Bokoblin. It convulses on its own every now and then, which is really creepy, but perhaps it has a use.
items.moblin-horn.description;This splendid horn once grew atop the head of a Moblin. It can't be used in normal food recipes, but it does have some use as an ingredient in making elixirs.
items.moblin-fang.description;A sharp fang obtained from a Moblin. It's too hard to be reshaped into a tool, but it can be tossed into a stew with some critters to create elixirs.
items.moblin-guts.description;Details not available yet.
items.lizalfos-horn.description;This winding horn once grew atop the head of a Lizalfos. It's too hard to use for cooking, but stores are willing to buy it from you. It can also be used to make elixirs.
items.lizalfos-talon.description;This talon once grew from the elbow of a Lizalfos. You can stew it with critters to make elixirs, but it may have some other uses, as well.
items.lizalfos-tail.description;Details not available yet.
items.icy-lizalfos-tail.description;Details not available yet.
items.red-lizalfos-tail.description;Details not available yet.
items.yellow-lizalfos-tail.description;Details not available yet.
items.lynel-horn.description;Details not available yet.
items.lynel-hoof.description;Details not available yet.
items.lynel-guts.description;Details not available yet.
items.chuchu-jelly.description;A gelatinous substance that came from a Chuchu. It's unusable in this state, but applying a bit of elemental stimulation will change its form.
items.white-chuchu-jelly.description;A jiggly substance that came from a White Chuchu. It's cool to the touch, and squeezing it seems to relieve stress. If struck, it will explode in a cold mist.
items.red-chuchu-jelly.description;Details not available yet.
items.yellow-chuchu-jelly.description;Details not available yet.
items.keese-wing.description;The wing of a Keese. It's covered with very short, sharp fur. It's not much use by itself, but you can mix it with critters to make something useful.
items.ice-keese-wing.description;A rare Ice Keese wing. Its frozen surface gleams attractively, but its usefulness isn't readily apparent.
items.fire-keese-wing.description;Details not available yet.
items.electric-keese-wing.description;Details not available yet.
items.keese-eyeball.description;A rare material dropped by a defeated Keese. It's fun to look at, but it doesn't seem to have much use at first glance. But it must be good for something...        
items.octoroktentacle.description;This can only be obtained from an Octorok-type enemy. It's too acidic for cooking, but it's highly valued as an ingredient for elixirs.
items.octorok-eyeball.description;This can only be obtained from an Octorok-type enemy. You can sell it to a store, or you can make elixirs with it, but it may have other uses, as well.
items.octo-balloon.description;This inflatable Octorok organ has a lot of lift, so attach it to items you want to see float. Hold it in your hands, and then place it on an object to attach it.
items.mulduga-fin.description;Details not available yet.
items.molduga-guts.description;Details not available yet.
items.hinox-toenail.description;Details not available yet.
items.hinox-tooth.description;Details not available yet.
items.hinox-guts.description;Details not available yet.
items.ancient-screw.description;A screw used in ancient machinery. It's made of an unknown material, and no matter how many times it's turned, its threads never seem to show signs of wear.
items.ancient-spring.description;A spring used in ancient machinery. It is light and buoyant enough to float on water, and no matter how many times it's compressed, it never loses tension.
items.ancient-gear.description;A gear used in ancient machinery. Despite being incredibly old, it’s build quality is leaps and bounds above anything built using current technology.
items.ancient-shaft.description;A machine part used in ancient machinery. It's incredibly sturdy, and it's not made of any recognizable material. It may come in handy someday.
items.ancient-core.description;This crystal was made using lost technology. At one time it was the power source for ancient machines. This item is very valuable to researchers.
items.giant-ancient-core.description;A giant energy crystal made using lost ancient technology. Cores this large are an extremely rare find. A researcher would probably know how to use this.
items.wood.description;A portable bundle of wood. You can use this to make a campfire if you have something to light it.
category.antillamas;Antillamas
category.electrizante;Electrizante
category.gelido;Gélido
category.picante;Picante
category.protector;Protector
category.raudo;Raudo
category.recio;Recio
category.sigiloso;Sigiloso
category.tonificante;Tonificante
category.vigorizante;Vigorizante
category.vivaz;Vivaz
location.al.romper.minerales;al romper minerales
location.al.romper.minerales.luminosos;al romper minerales luminosos
location.al.romper.minerales.poco.comunes;al romper minerales poco comunes
location.aldea.kakariko;Aldea Kakariko
location.bosque.kolog;Bosque Kolog
location.cerca.de.las.fuentes.de.la.gran.hada;cerca de las fuentes de la Gran Hada
location.colinas.de.hyrule;Colinas de Hyrule
location.confines.de.tabanta;Confines de Tabanta
location.corazon.de.akkala;Corazón de Akkala
location.cordillera.de.eldin;Cordillera de Eldin
location.cordillera.de.gerudo;Cordillera de Gerudo
location.cordillera.de.hebra;Cordillera de Hebra
location.corta.la.hierba.alta.en.la.llanura.de.hyrule;corta la hierba alta en la Llanura de Hyrule
location.corta.la.hierba.alta.en.la.region.de.tabanta;corta la hierba alta en la región de Tabanta
location.desierto.de.gerudo;Desierto de Gerudo
location.dispara.una.flecha.a.la.boca.del.dragon.elden;dispara una flecha a la boca del dragón Elden
location.dispara.una.flecha.a.la.boca.del.dragon.nayen;dispara una flecha a la boca del dragón Nayen
location.dispara.una.flecha.a.la.boca.dragon.faren;dispara una flecha a la boca dragón Faren
location.dispara.una.flecha.a.los.pies.del.dragon.elden;dispara una flecha a los pies del dragón Elden
location.dispara.una.flecha.a.los.pies.del.dragon.faren;dispara una flecha a los pies del dragón Faren
location.dispara.una.flecha.a.los.pies.del.dragon.nayen;dispara una flecha a los pies del dragón Nayen
location.dispara.una.flecha.al.cuerno.del.dragon.elden;dispara una flecha al cuerno del dragón Elden
location.dispara.una.flecha.al.cuerno.del.dragon.faren;dispara una flecha al cuerno del dragón Faren
location.dispara.una.flecha.al.cuerno.del.dragon.nayen;dispara una flecha al cuerno del dragón Nayen
location.dispara.una.flecha.al.cuerpo.del.dragon.elden;dispara una flecha al cuerpo del dragón Elden
location.dispara.una.flecha.al.cuerpo.del.dragon.faren;dispara una flecha al cuerpo del dragón Faren
location.farone;Farone
location.glaciarok.y.petrarok.poco.comun;glaciarok y petrarok poco común
location.golpea.una.colmena;golpea una colmena
location.gran.bosque.de.hyrule;Gran Bosque de Hyrule
location.llanura.de.hyrule;Llanura de Hyrule
location.llanura.de.hyrule;LLanura de Hyrule
location.luminoso.y.magnarok;luminoso y magnarok
location.manantial.de.lanayru;Manantial de Lanayru
location.mar.de.lanayru;Mar de Lanayru
location.mar.de.necluda;Mar de Necluda
location.meseta.de.los.albores;Meseta de los albores
location.minerales;minerales
location.montana.de.la.muerte;Montaña de la Muerte
location.monte.lanayru;Monte Lanayru
location.necluda.occidental;Necluda occidental
location.necluda.oriental;Necluda oriental
location.pantano.de.lanayru;Pantano de Lanayru
location.pertarok.luminosos.y.poco.comunes;pertarok luminosos y poco comunes
location.petrarok.luminosos;petrarok luminosos
location.petrarok.normal;petrarok normal
location.por.la.noche.al.caer.una.estrella.fugaz;por la noche al caer una estrella fugaz
location.pradera.de.farone;Pradera de Farone
location.se.encuentra.en.lo.alto.de.algunos.arboles.grandes;se encuentra en lo alto de algunos árboles grandes
location.se.obtiene.al.cazar.ardillas;se obtiene al cazar ardillas
location.se.obtiene.al.talar.arboles;se obtiene al talar árboles
location.se.obtiene.de.aves.pequenas;se obtiene de aves pequeñas
location.se.obtiene.de.las.moldoras;se obtiene de las moldoras
location.se.obtiene.de.las.palomas.blanca.y.las.avestruces.de.eldin;se obtiene de las palomas blanca y las avestruces de Eldin
location.se.obtiene.de.los.bokoblins;se obtiene de los bokoblins
location.se.obtiene.de.los.centaleones;se obtiene de los centaleones
location.se.obtiene.de.los.chuchu.electricos;se obtiene de los chuchu eléctricos
location.se.obtiene.de.los.chuchu.gelidos;se obtiene de los chuchu gélidos
location.se.obtiene.de.los.chuchu.igneos;se obtiene de los chuchu ígneos
location.se.obtiene.de.los.chuchus;se obtiene de los chuchus
location.se.obtiene.de.los.cucos;se obtiene de los cucos
location.se.obtiene.de.los.guardianes;se obtiene de los guardianes
location.se.obtiene.de.los.hinox;se obtiene de los hinox
location.se.obtiene.de.los.keese;se obtiene de los keese
location.se.obtiene.de.los.keese.de.fuego;se obtiene de los keese de fuego
location.se.obtiene.de.los.keese.de.hielo;se obtiene de los keese de hielo
location.se.obtiene.de.los.keese.electricos;se obtiene de los keese eléctricos
location.se.obtiene.de.los.lizalfos;se obtiene de los lizalfos
location.se.obtiene.de.los.lizalfos.electricos;se obtiene de los lizalfos eléctricos
location.se.obtiene.de.los.lizalfos.gelidos;se obtiene de los lizalfos gélidos
location.se.obtiene.de.los.lizalfos.igneos;se obtiene de los lizalfos ígneos
location.se.obtiene.de.los.mamiferos.mas.grandes.y.peligrosos;se obtiene de los mamíferos más grandes y peligrosos
location.se.obtiene.de.los.moblins;se obtiene de los moblins
location.se.obtiene.de.los.octorok;se obtiene de los octorok
location.se.obtiene.de.mamiferos.grandes.y.peligrosos;se obtiene de mamíferos grandes y peligrosos
location.se.obtiene.de.mamiferos.pequenos.e.inofensivos;se obtiene de mamíferos pequeños e inofensivos
location.se.vende.en.la.tienda.de.aldea.hatelia;se vende en la tienda de Aldea Hatelia
location.se.vende.en.la.tienda.de.ciudad.goron;se vende en la tienda de Ciudad Goron
location.se.vende.en.la.tienda.del.poblado.orni;se vende en la tienda del Poblado Orni
location.sierra.de.akkala;Sierra de Akkala
location.tienda.de.monstruos.de.kilton;tienda de monstruos de Kilton
location.todos.los.enemigos.plateados;todos los enemigos plateados
location.todos.los.petrarok.menos.los.normales;todos los petrarok menos los normales
location.todos.los.tipos.de.petrarok;todos los tipos de petrarok
location.valle.de.eldin;Valle de Eldin
crafting.hotWater;Hot water
food.carne-de-caza-xl-helada;Carne de caza xl helada
food.lubina-helada;Lubina Helada
food.carne-de-caza-xxl-helada;Carne de caza xxl helada
food.lubina-vivaz-helada;Lubina vivaz helada
food.salmón-vivaz-helado;Salmón vivaz helado
food.carne-de-helada;carne de helada
food.carne-de-ave-xl-helada;Carne de ave xl helada 
food.trucha-helada;trucha helada
food.carne-de-ave-xxl-helada;carne de ave xxl helada
food.lubina-de-hyrule-asada;lubina de hyrule asada
food.carpa-helada;carpa helada
food.lubina-vivaz-asada;lubina vivaz asada
food.dorada-helada;dorada helada
food.salmón-vivaz-asado;salmón vivaz asado
food.cangrejo-helado;cangrejo helado
food.trucha-asada;trucha asada
food.caracol-sigiloso-helado;caracol sigiloso helado
food.carpa-asada;carpa asada
food.caracol-vivaz-helado;caracol vivaz helado
food.dorada-asada;dorada asada
food.carne-de-caza-helada;carne de caza helada
food.fruto-de-árbol-asado;fruto de árbol asado
food.caracol-sigiloso-asado;caracol sigiloso asado
food.durián-vivaz-asado;durián vivaz asado
food.caracol-vivaz-asado;caracol vivaz asado
food.sandía-gélida-asada;sandía gélida asada
food.cangrejo-asado;cangrejo asado
food.baya-ígnea-asada;baya ígnea asada
food.fruta-electro-asada;fruta electro asada
food.huevo-frito;huevo frito
food.semilla-de-loto-asada;semilla de loto asada
food.plátanos-recios-asados;plátanos recios asados
food.carne-de-caza-asada;carne de caza asada
food.carne-de-caza-xl-asada;carne de caza xl asada
food.huevo-cocido;huevo cocido
food.carne-de-caza-xxl-asada;carne de caza xxl asada
food.manzana-asada;manzana asada
food.carne-de-ave-asada;carne de ave asada
food.coco-asado;coco asado
food.carne-de-ave-xl-asada;carne de ave xl asada
food.seta-rauda-asada;seta rauda asada
food.frambuesa-asada;frambuesa asada
food.bellota-asada;bellota asada
food.seta-recía-asada;seta recía asada
food.seta-robusta-asada;seta robusta asada
food.seta-sigilosa-asada;seta sigilosa asada
food.carne-de-ave-xxl-asada;carne de ave xxl asada
food.seta-de-hyrule-asada;seta de Hyrule asada
food.rábano-asado;rábano asado
food.rábano-grande-asado;rábano grande asado
food.seta-vigorosa-asada;seta vigorosa asada
food.zanahoría-rauda-asada;zanahoría rauda asada
food.seta-briosa-asada;seta briosa asada
food.trufa-vivaz-asada;trufa vivaz asada
food.zanahoría-briosa-asada;zanahoría briosa asada
food.trufón-vivaz-asado;trufón vivaz asado
food.calabaza-robusta-asada;calabaza robusta asada
food.seta-gélida-asada;seta gélida asada
food.bulbo-recío-asado;bulbo recío asado
food.seta-ígnea-asada;seta ígnea asada
food.seta-electro-asada;seta electro asada
food.bulbo-robusto-asado;bulbo robusto asado
food.plátano-frito-recio;Plátano frito recio
food.brochetas-de-setas-vivaz;brochetas de setas vivaz
food.frutas-pochadas-vivaces;frutas pochadas vivaces
food.salteado-de-montaña-vivaz;salteado de montaña vivaz
food.salteado-de-montaña-potector;salteado de montaña potector
food.salteado-de-montaña;salteado de montaña
food.frutas-pochadas-recias;frutas pochadas recias
food.torta-con-miel-vigorosa;Torta con Miel Vigorosa
food.guiso-de-carne;guiso de carne
food.pastel-de-frutas;pastel de frutas
food.arroz-con-marisco;arroz con marisco
food.arroz-especiado-de-monstruo;arroz especiado de monstruo
food.bolas-de-arroz-de-monstruo;bolas de arroz de monstruo
food.pastelito-de-monstruo;pastelito de monstruo
food.sopa-de-monstruo;sopa de monstruo
food.sopa-de-caracol;sopa de caracol
food.guiso-de-calabaza;guiso de calabaza
food.guiso-de-carne-xxl;guiso de carne xxl
food.guiso-de-carne-xl;guiso de carne xl
food.arroz-especiado-con-carne-xxl;arroz especiado con carne xxl
food.arroz-especiado-con-pollo-xxl;arroz especiado con pollo xxl
food.arroz-especiado-con-carne-xl;arroz especiado con carne xl
food.arroz-especiado-con-pollo-xl;arroz especiado con pollo xl
food.arroz-especiado-con-carne;arroz especiado con carne
food.arroz-con-pollo;arroz con pollo
food.arroz-especiado-con-verduras;arroz especiado con verduras
food.pastel-de-calabaza;pastel de calabaza
food.pastel-de-zanahoria;pastel de zanahoria
food.torta-con-frambuesas;torta con frambuesas
food.torta-con-miel;torta con miel
food.pescado-asado-picante;Pescado asado picante
food.salteado-de-montaña-gélido;salteado de montaña gélido
food.salteado-de-montaña-picante;salteado de montaña picante
food.salteado-de-montaña-electrizante;salteado de montaña electrizante
food.pastel-de-frutas-vivaz;Pastel de Frutas Vivaz
food.pastel-de-frutas-gélido;Pastel de Frutas Gélido
food.pastel-de-frutas-picante;Pastel de Frutas Picante
food.pastel-de-frutas-electrizante;Pastel de Frutas Electrizante
food.pastel-de-frutas-recio;Pastel de Frutas Recio
food.calabaza-rellena-protector;Calabaza Rellena Protector
food.brocheta-de-carne-y-setas-vivaz;Brocheta de carne y setas Vivaz
food.brocheta-de-carne-y-setas;Brocheta de carne y setas
food.brocheta-de-carne-y-setas-tonificante;Brocheta de carne y setas Tonificante
food.brocheta-de-carne-y-setas-vigorizante;Brocheta de carne y setas Vigorizante
food.brocheta-de-carne-y-setas-gélido;Brocheta de carne y setas Gélido
food.brocheta-de-carne-y-setas-picante;Brocheta de carne y setas Picante
food.brocheta-de-carne-y-setas-electrizante;Brocheta de carne y setas Electrizante
food.brocheta-de-carne-y-setas-raudo;Brocheta de carne y setas Raudo
food.brocheta-de-carne-y-setas-recio;Brocheta de carne y setas Recio
food.brocheta-de-carne-y-setas-protector;Brocheta de carne y setas Protector
food.brocheta-de-carne-y-setas-sigiloso;Brocheta de carne y setas Sigiloso
food.estofado-de-monstruo-vivaz;Estofado de monstruo Vivaz
food.estofado-de-monstruo;Estofado de monstruo
food.estofado-de-monstruo-vigorizante;Estofado de monstruo Vigorizante
food.estofado-de-monstruo-gélido;Estofado de monstruo Gélido
food.estofado-de-monstruo-picante;Estofado de monstruo Picante
food.estofado-de-monstruo-electrizante;Estofado de monstruo Electrizante
food.estofado-de-monstruo-sigiloso;Estofado de monstruo Sigiloso
food.estofado-de-monstruo-recio;Estofado de monstruo Recio
food.estofado-de-monstruo-protector;Estofado de monstruo Protector
food.crema-de-la-pasión;Crema de la pasión
food.arroz-especiado-con-marisco-vivaz;Arroz especiado con marisco Vivaz
food.arroz-especiado-con-marisco-recio;Arroz especiado con marisco Recio
food.arroz-especiado-con-marisco-protector;Arroz especiado con marisco Protector
food.tortilla-con-mantequilla;Tortilla con mantequilla
food.tarta-de-manzana;Tarta de manzana
food.bizcocho-de-semillas-raudo;Bizcocho de semillas Raudo
food.bizcocho-de-semillas;Bizcocho de semillas
food.tartaleta-de-huevo;Tartaleta de huevo
food.flan-de-huevo;Flan de huevo
food.pastelito-de-frutas-vivaz;Pastelito de frutas Vivaz
food.pastelito-de-frutas;Pastelito de frutas
food.pastelito-de-frutas-gélido;Pastelito de frutas Gélido
food.pastelito-de-frutas-picante;Pastelito de frutas Picante
food.pastelito-de-frutas-electrizante;Pastelito de frutas Electrizante
food.pastelito-de-frutas-recio;Pastelito de frutas Recio
food.hojaldre-de-carne;Hojaldre de carne
food.salmón-con-salsa-vivaz;Salmón con salsa Vivaz
food.arroz-con-salmón-vivaz;Arroz con salmón Vivaz
food.arroz-con-cangrejo-recio;Arroz con cangrejo Recio
food.arroz-con-cangrejo-protector;Arroz con cangrejo Protector
food.arroz-con-cangrejo-vigorizante;Arroz con cangrejo Vigorizante
food.arroz-con-verduras-tonificante;Arroz con verduras Tonificante
food.arroz-con-verduras-raudo;Arroz con verduras Raudo
food.arroz-con-verduras-protector;Arroz con verduras Protector
food.arroz-con-setas-vivaz;Arroz con setas Vivaz
food.arroz-con-setas;Arroz con setas
food.arroz-con-setas-tonificante;Arroz con setas Tonificante
food.arroz-con-setas-vigorizante;Arroz con setas Vigorizante
food.arroz-con-setas-gélido;Arroz con setas Gélido
food.arroz-con-setas-picante;Arroz con setas Picante
food.arroz-con-setas-electrizante;Arroz con setas Electrizante
food.arroz-con-setas-raudo;Arroz con setas Raudo
food.arroz-con-setas-recio;Arroz con setas Recio
food.arroz-con-setas-protector;Arroz con setas Protector
food.arroz-con-setas-sigiloso;Arroz con setas Sigiloso
food.sopa-de-setas;Sopa de setas
food.sopa-de-setas-vivaz;Sopa de setas Vivaz
food.sopa-de-setas-raudo;Sopa de setas Raudo
food.sopa-de-setas-tonificante;Sopa de setas Tonificante
food.sopa-de-setas-protector;Sopa de setas Protector
food.sopa-de-setas-gélido;Sopa de setas Gélido
food.sopa-de-setas-picante;Sopa de setas Picante
food.sopa-de-setas-electrizante;Sopa de setas Electrizante
food.sopa-de-setas-sigiloso;Sopa de setas Sigiloso
food.sopa-de-setas-recio;Sopa de setas Recio
food.sopa-de-setas-vigorizante;Sopa de setas Vigorizante
food.sopa-de-verduras-tonificante;Sopa de verduras Tonificante
food.sopa-de-verduras-raudo;Sopa de verduras Raudo
food.sopa-de-verduras-protector;Sopa de verduras Protector
food.sopa-de-carne-raudo;Sopa de carne Raudo
food.sopa-de-carne-vivaz;Sopa de carne Vivaz
food.sopa-de-carne-tonificante;Sopa de carne Tonificante
food.sopa-de-carne;Sopa de carne
food.sopa-de-carne-protector;Sopa de carne Protector
food.sopa-de-carne-gélido;Sopa de carne Gélido
food.sopa-de-carne-picante;Sopa de carne Picante
food.sopa-de-carne-electrizante;Sopa de carne Electrizante
food.sopa-de-carne-sigiloso;Sopa de carne Sigiloso
food.sopa-de-carne-recio;Sopa de carne Recio
food.crema-de-verduras-raudo;Crema de verduras Raudo
food.crema-de-verduras-vivaz;Crema de verduras Vivaz
food.crema-de-verduras-tonificante;Crema de verduras Tonificante
food.crema-de-verduras;Crema de verduras
food.crema-de-verduras-protector;Crema de verduras Protector
food.crema-de-verduras-gélido;Crema de verduras Gélido
food.crema-de-verduras-picante;Crema de verduras Picante
food.crema-de-verduras-electrizante;Crema de verduras Electrizante
food.crema-de-verduras-sigiloso;Crema de verduras Sigiloso
food.crema-de-verduras-recio;Crema de verduras Recio
food.guiso-de-zanahoria-tonificante;Guiso de zanahoria Tonificante
food.guiso-de-zanahoria-raudo;Guiso de zanahoria Raudo
food.tortilla-de-setas-vivaz;Tortilla de setas Vivaz
food.tortilla-de-setas;Tortilla de setas
food.tortilla-de-setas-tonificante;Tortilla de setas Tonificante
food.tortilla-de-setas-vigorizante;Tortilla de setas Vigorizante
food.tortilla-de-setas-gélido;Tortilla de setas Gélido
food.tortilla-de-setas-picante;Tortilla de setas Picante
food.tortilla-de-setas-electrizante;Tortilla de setas Electrizante
food.tortilla-de-setas-raudo;Tortilla de setas Raudo
food.tortilla-de-setas-recio;Tortilla de setas Recio
food.tortilla-de-setas-protector;Tortilla de setas Protector
food.tortilla-de-setas-sigiloso;Tortilla de setas Sigiloso
food.arroz-frito-con-cangrejo-recio;Arroz frito con cangrejo Recio
food.arroz-frito-con-cangrejo-protector;Arroz frito con cangrejo Protector
food.arroz-frito-con-cangrejo-vigorizante;Arroz frito con cangrejo Vigorizante
food.arroz-frito-con-pollo-xxl;Arroz frito con pollo XXL
food.arroz-frito-con-pollo-xl;Arroz frito con pollo XL
food.arroz-frito-con-pollo;Arroz frito con pollo
food.tortilla-vegetal-raudo;Tortilla vegetal Raudo
food.tortilla-vegetal-vivaz;Tortilla vegetal Vivaz
food.tortilla-vegetal-tonificante;Tortilla vegetal Tonificante
food.tortilla-vegetal;Tortilla vegetal
food.tortilla-vegetal-protector;Tortilla vegetal Protector
food.tortilla-vegetal-gélido;Tortilla vegetal Gélido
food.tortilla-vegetal-picante;Tortilla vegetal Picante
food.tortilla-vegetal-electrizante;Tortilla vegetal Electrizante
food.tortilla-vegetal-sigiloso;Tortilla vegetal Sigiloso
food.tortilla-vegetal-recio;Tortilla vegetal Recio
food.dorada-con-salsa-recio;Dorada con salsa Recio
food.dorada-con-salsa-protector;Dorada con salsa Protector
food.pescado-con-salsa-vivaz;Pescado con salsa Vivaz
food.pescado-con-salsa;Pescado con salsa
food.pescado-con-salsa-vigorizante;Pescado con salsa Vigorizante
food.pescado-con-salsa-gélido;Pescado con salsa Gélido
food.pescado-con-salsa-picante;Pescado con salsa Picante
food.pescado-con-salsa-electrizante;Pescado con salsa Electrizante
food.pescado-con-salsa-sigiloso;Pescado con salsa Sigiloso
food.pescado-con-salsa-recio;Pescado con salsa Recio
food.pescado-con-salsa-protector;Pescado con salsa Protector
food.arroz-frito-con-marisco-recio;Arroz frito con marisco Recio
food.arroz-frito-con-marisco-protector;Arroz frito con marisco Protector
food.arroz-frito-con-marisco-vivaz;Arroz frito con marisco Vivaz
food.arroz-frito-especiado;Arroz frito especiado
food.arroz-con-carne-xxl;Arroz con carne XXL
food.arroz-con-carne-xl;Arroz con carne XL
food.arroz-con-carne;Arroz con carne
food.arroz-con-huevo-frito;Arroz con huevo frito
food.bolas-de-arroz-con-carne;Bolas de arroz con carne
food.bolas-de-arroz-con-pescado-vivaz;Bolas de arroz con pescado Vivaz
food.bolas-de-arroz-con-pescado;Bolas de arroz con pescado
food.bolas-de-arroz-con-pescado-vigorizante;Bolas de arroz con pescado Vigorizante
food.bolas-de-arroz-con-pescado-gélido;Bolas de arroz con pescado Gélido
food.bolas-de-arroz-con-pescado-picante;Bolas de arroz con pescado Picante
food.bolas-de-arroz-con-pescado-electrizante;Bolas de arroz con pescado Electrizante
food.bolas-de-arroz-con-pescado-sigiloso;Bolas de arroz con pescado Sigiloso
food.bolas-de-arroz-con-pescado-recio;Bolas de arroz con pescado Recio
food.bolas-de-arroz-con-pescado-protector;Bolas de arroz con pescado Protector
food.bolas-de-arroz-con-setas-vivaz;Bolas de arroz con setas Vivaz
food.bolas-de-arroz-con-setas;Bolas de arroz con setas
food.bolas-de-arroz-con-setas-tonificante;Bolas de arroz con setas Tonificante
food.bolas-de-arroz-con-setas-vigorizante;Bolas de arroz con setas Vigorizante
food.bolas-de-arroz-con-setas-gélido;Bolas de arroz con setas Gélido
food.bolas-de-arroz-con-setas-picante;Bolas de arroz con setas Picante
food.bolas-de-arroz-con-setas-electrizante;Bolas de arroz con setas Electrizante
food.bolas-de-arroz-con-setas-raudo;Bolas de arroz con setas Raudo
food.bolas-de-arroz-con-setas-recio;Bolas de arroz con setas Recio
food.bolas-de-arroz-con-setas-protector;Bolas de arroz con setas Protector
food.bolas-de-arroz-con-setas-sigiloso;Bolas de arroz con setas Sigiloso
food.bolas-de-arroz-con-verdura-raudo;Bolas de arroz con verdura Raudo
food.bolas-de-arroz-con-verdura-vivaz;Bolas de arroz con verdura Vivaz
food.bolas-de-arroz-con-verdura-tonificante;Bolas de arroz con verdura Tonificante
food.bolas-de-arroz-con-verdura;Bolas de arroz con verdura
food.bolas-de-arroz-con-verdura-protector;Bolas de arroz con verdura Protector
food.bolas-de-arroz-con-verdura-gélido;Bolas de arroz con verdura Gélido
food.bolas-de-arroz-con-verdura-picante;Bolas de arroz con verdura Picante
food.bolas-de-arroz-con-verdura-electrizante;Bolas de arroz con verdura Electrizante
food.bolas-de-arroz-con-verdura-sigiloso;Bolas de arroz con verdura Sigiloso
food.bolas-de-arroz-con-verdura-recio;Bolas de arroz con verdura Recio
food.manzanas-a-la-mantequilla;Manzanas a la mantequilla
food.carne-glaseada-vigorizante;Carne glaseada Vigorizante
food.pesacado-glaseado;Pesacado glaseado
food.pesacado-glaseado-vigorizante;Pesacado glaseado Vigorizante
food.setas-glaseadas;Setas glaseadas
food.setas-glaseadas-vigorizante;Setas glaseadas Vigorizante
food.verduras-glaseadas;verduras glaseadas
food.verduras-glaseadas-vigorizante;verduras glaseadas Vigorizante
food.arroz-especiado;Arroz especiado
food.frutas-a-la-miel;Frutas a la miel
food.frutas-a-la-miel-vigorizante;Frutas a la miel Vigorizante
food.pincho-de-carne-xxl;Pincho de carne XXL
food.pincho-de-carne-xl;Pincho de carne XL
food.pincho-de-carne;Pincho de carne
food.pescado-de-hojaldre-vivaz;Pescado de Hojaldre Vivaz
food.pescado-de-hojaldre;Pescado de Hojaldre
food.pescado-de-hojaldre-vigorizante;Pescado de Hojaldre Vigorizante
food.pescado-de-hojaldre-gélido;Pescado de Hojaldre Gélido
food.pescado-de-hojaldre-picante;Pescado de Hojaldre Picante
food.pescado-de-hojaldre-electrizante;Pescado de Hojaldre Electrizante
food.pescado-de-hojaldre-sigiloso;Pescado de Hojaldre Sigiloso
food.pescado-de-hojaldre-recio;Pescado de Hojaldre Recio
food.pescado-de-hojaldre-protector;Pescado de Hojaldre Protector
food.sopa-de-pescado-vivaz;Sopa de pescado Vivaz
food.sopa-de-pescado;Sopa de pescado
food.sopa-de-pescado-vigorizante;Sopa de pescado Vigorizante
food.sopa-de-pescado-gélido;Sopa de pescado Gélido
food.sopa-de-pescado-picante;Sopa de pescado Picante
food.sopa-de-pescado-electrizante;Sopa de pescado Electrizante
food.sopa-de-pescado-sigiloso;Sopa de pescado Sigiloso
food.sopa-de-pescado-recio;Sopa de pescado Recio
food.sopa-de-pescado-protector;Sopa de pescado Protector
food.salteado-aromático-de-setas-vivaz;Salteado aromático de setas Vivaz
food.salteado-aromático-de-setas;Salteado aromático de setas
food.salteado-aromático-de-setas-tonificante;Salteado aromático de setas Tonificante
food.salteado-aromático-de-setas-vigorizante;Salteado aromático de setas Vigorizante
food.salteado-aromático-de-setas-gélido;Salteado aromático de setas Gélido
food.salteado-aromático-de-setas-picante;Salteado aromático de setas Picante
food.salteado-aromático-de-setas-electrizante;Salteado aromático de setas Electrizante
food.salteado-aromático-de-setas-raudo;Salteado aromático de setas Raudo
food.salteado-aromático-de-setas-recio;Salteado aromático de setas Recio
food.salteado-aromático-de-setas-protector;Salteado aromático de setas Protector
food.salteado-aromático-de-setas-sigiloso;Salteado aromático de setas Sigiloso
food.salteado-aromático-de-hierbas-raudo;Salteado aromático de hierbas Raudo
food.salteado-aromático-de-hierbas-vivaz;Salteado aromático de hierbas Vivaz
food.salteado-aromático-de-hierbas-tonificante;Salteado aromático de hierbas Tonificante
food.salteado-aromático-de-hierbas;Salteado aromático de hierbas
food.salteado-aromático-de-hierbas-protector;Salteado aromático de hierbas Protector
food.salteado-aromático-de-hierbas-gélido;Salteado aromático de hierbas Gélido
food.salteado-aromático-de-hierbas-picante;Salteado aromático de hierbas Picante
food.salteado-aromático-de-hierbas-electrizante;Salteado aromático de hierbas Electrizante
food.salteado-aromático-de-hierbas-sigiloso;Salteado aromático de hierbas Sigiloso
food.salteado-aromático-de-hierbas-recio;Salteado aromático de hierbas Recio
food.carne-a-la-parrilla-xxl;Carne a la parrilla XXL
food.carne-a-la-parrilla-xl;Carne a la parrilla XL
food.carne-a-la-parrilla;Carne a la parrilla
food.cangrejo-salteado-recio;Cangrejo salteado Recio
food.cangrejo-salteado-protector;Cangrejo salteado Protector
food.cangrejo-salteado-vigorizante;Cangrejo salteado Vigorizante
food.cangrejo-a-la-parrilla-recio;Cangrejo a la parrilla Recio
food.cangrejo-a-la-parrilla-protector;Cangrejo a la parrilla Protector
food.cangrejo-a-la-parrilla-vigorizante;Cangrejo a la parrilla Vigorizante
food.pescado-a-la-parrilla-vivaz;Pescado a la parrilla Vivaz
food.pescado-a-la-parrilla;Pescado a la parrilla
food.pescado-a-la-parrilla-vigorizante;Pescado a la parrilla Vigorizante
food.pescado-a-la-parrilla-gélido;Pescado a la parrilla Gélido
food.pescado-a-la-parrilla-picante;Pescado a la parrilla Picante
food.pescado-a-la-parrilla-electrizante;Pescado a la parrilla Electrizante
food.pescado-a-la-parrilla-sigiloso;Pescado a la parrilla Sigiloso
food.pescado-a-la-parrilla-recio;Pescado a la parrilla Recio
food.pescado-a-la-parrilla-protector;Pescado a la parrilla Protector
food.verduras-a-la-parrilla-raudo;Verduras a la parrilla Raudo
food.verduras-a-la-parrilla-vivaz;Verduras a la parrilla Vivaz
food.verduras-a-la-parrilla-tonificante;Verduras a la parrilla Tonificante
food.verduras-a-la-parrilla;Verduras a la parrilla
food.verduras-a-la-parrilla-protector;Verduras a la parrilla Protector
food.verduras-a-la-parrilla-gélido;Verduras a la parrilla Gélido
food.verduras-a-la-parrilla-picante;Verduras a la parrilla Picante
food.verduras-a-la-parrilla-electrizante;Verduras a la parrilla Electrizante
food.verduras-a-la-parrilla-sigiloso;Verduras a la parrilla Sigiloso
food.verduras-a-la-parrilla-recio;Verduras a la parrilla Recio
food.setas-a-la-parrilla-vivaz;Setas a la parrilla Vivaz
food.setas-a-la-parrilla;Setas a la parrilla
food.setas-a-la-parrilla-tonificante;Setas a la parrilla Tonificante
food.setas-a-la-parrilla-vigorizante;Setas a la parrilla Vigorizante
food.setas-a-la-parrilla-gélido;Setas a la parrilla Gélido
food.setas-a-la-parrilla-picante;Setas a la parrilla Picante
food.setas-a-la-parrilla-electrizante;Setas a la parrilla Electrizante
food.setas-a-la-parrilla-raudo;Setas a la parrilla Raudo
food.setas-a-la-parrilla-recio;Setas a la parrilla Recio
food.setas-a-la-parrilla-protector;Setas a la parrilla Protector
food.setas-a-la-parrilla-sigiloso;Setas a la parrilla Sigiloso
food.pan-de-trigo;Pan de trigo
food.brochetas-de-carne-variada;Brochetas de carne variada
food.salteado-de-montaña-variado;Salteado de montaña variado
food.salteado-de-montaña-variado-gélido;Salteado de montaña variado Gélido
food.salteado-de-montaña-variado-picante;Salteado de montaña variado Picante
food.salteado-de-montaña-variado-electrizante;Salteado de montaña variado Electrizante
food.salteado-de-montaña-variado-sigiloso;Salteado de montaña variado Sigiloso
food.frutas-variadas-pochadas-vivaz;Frutas variadas pochadas Vivaz
food.frutas-variadas-pochadas;Frutas variadas pochadas
food.frutas-variadas-pochadas-gélido;Frutas variadas pochadas Gélido
food.frutas-variadas-pochadas-picante;Frutas variadas pochadas Picante
food.frutas-variadas-pochadas-electrizante;Frutas variadas pochadas Electrizante
food.frutas-variadas-pochadas-recio;Frutas variadas pochadas Recio
food.frutas-pochadas-vivaz;Frutas pochadas Vivaz
food.frutas-pochadas;Frutas pochadas
food.frutas-pochadas-gélido;Frutas pochadas Gélido
food.frutas-pochadas-picante;Frutas pochadas Picante
food.frutas-pochadas-electrizante;Frutas pochadas Electrizante
food.frutas-pochadas-recio;Frutas pochadas Recio
food.semillas-salteadas-raudo;Semillas salteadas Raudo
food.semillas-salteadas;Semillas salteadas
food.brochetas-de-setas-variadas-vivaz;Brochetas de setas variadas Vivaz
food.brochetas-de-setas-variadas;Brochetas de setas variadas
food.brochetas-de-setas-variadas-tonificante;Brochetas de setas variadas Tonificante
food.brochetas-de-setas-variadas-vigorizante;Brochetas de setas variadas Vigorizante
food.brochetas-de-setas-variadas-gélido;Brochetas de setas variadas Gélido
food.brochetas-de-setas-variadas-picante;Brochetas de setas variadas Picante
food.brochetas-de-setas-variadas-electrizante;Brochetas de setas variadas Electrizante
food.brochetas-de-setas-variadas-raudo;Brochetas de setas variadas Raudo
food.brochetas-de-setas-variadas-recio;Brochetas de setas variadas Recio
food.brochetas-de-setas-variadas-protector;Brochetas de setas variadas Protector
food.brochetas-de-setas-variadas-sigiloso;Brochetas de setas variadas Sigiloso
food.brochetas-de-pescado-variado-vivaz;Brochetas de pescado variado Vivaz
food.brochetas-de-pescado-variado;Brochetas de pescado variado
food.brochetas-de-pescado-variado-vigorizante;Brochetas de pescado variado Vigorizante
food.brochetas-de-pescado-variado-gélido;Brochetas de pescado variado Gélido
food.brochetas-de-pescado-variado-picante;Brochetas de pescado variado Picante
food.brochetas-de-pescado-variado-electrizante;Brochetas de pescado variado Electrizante
food.brochetas-de-pescado-variado-sigiloso;Brochetas de pescado variado Sigiloso
food.brochetas-de-pescado-variado-recio;Brochetas de pescado variado Recio
food.brochetas-de-pescado-variado-protector;Brochetas de pescado variado Protector
food.salteado-de-montaña-sigiloso;Salteado de montaña Sigiloso
food.carne-con-pescado-xxl-vivaz;Carne con pescado XXL Vivaz
food.carne-con-pescado-xxl;Carne con pescado XXL
food.carne-con-pescado-xxl-vigorizante;Carne con pescado XXL Vigorizante
food.carne-con-pescado-xxl-gélido;Carne con pescado XXL Gélido
food.carne-con-pescado-xxl-picante;Carne con pescado XXL Picante
food.carne-con-pescado-xxl-electrizante;Carne con pescado XXL Electrizante
food.carne-con-pescado-xxl-sigiloso;Carne con pescado XXL Sigiloso
food.carne-con-pescado-xxl-recio;Carne con pescado XXL Recio
food.carne-con-pescado-xxl-protector;Carne con pescado XXL Protector
food.carne-con-pescado-xl-vivaz;Carne con pescado XL Vivaz
food.carne-con-pescado-xl;Carne con pescado XL
food.carne-con-pescado-xl-vigorizante;Carne con pescado XL Vigorizante
food.carne-con-pescado-xl-gélido;Carne con pescado XL Gélido
food.carne-con-pescado-xl-picante;Carne con pescado XL Picante
food.carne-con-pescado-xl-electrizante;Carne con pescado XL Electrizante
food.carne-con-pescado-xl-sigiloso;Carne con pescado XL Sigiloso
food.carne-con-pescado-xl-recio;Carne con pescado XL Recio
food.carne-con-pescado-xl-protector;Carne con pescado XL Protector
food.carne-con-pescado-vivaz;Carne con pescado Vivaz
food.carne-con-pescado;Carne con pescado
food.carne-con-pescado-vigorizante;Carne con pescado Vigorizante
food.carne-con-pescado-gélido;Carne con pescado Gélido
food.carne-con-pescado-picante;Carne con pescado Picante
food.carne-con-pescado-electrizante;Carne con pescado Electrizante
food.carne-con-pescado-sigiloso;Carne con pescado Sigiloso
food.carne-con-pescado-recio;Carne con pescado Recio
food.carne-con-pescado-protector;Carne con pescado Protector
food.carne-asada-picante;Carne asada Picante
food.pescado-asado;Pescado asado
food.carne-al-vapor;Carne al vapor
food.carne-al-vapor-gélido;Carne al vapor Gélido
food.carne-al-vapor-picante;Carne al vapor Picante
food.carne-al-vapor-electrizante;Carne al vapor Electrizante
food.carne-al-vapor-sigiloso;Carne al vapor Sigiloso
food.pescado-al-vapor-vivaz;Pescado al vapor Vivaz
food.pescado-al-vapor;Pescado al vapor
food.pescado-al-vapor-vigorizante;Pescado al vapor Vigorizante
food.pescado-al-vapor-gélido;Pescado al vapor Gélido
food.pescado-al-vapor-picante;Pescado al vapor Picante
food.pescado-al-vapor-electrizante;Pescado al vapor Electrizante
food.pescado-al-vapor-sigiloso;Pescado al vapor Sigiloso
food.pescado-al-vapor-recio;Pescado al vapor Recio
food.pescado-al-vapor-protector;Pescado al vapor Protector
food.setas-al-vapor-vivaz;Setas al vapor Vivaz
food.setas-al-vapor;Setas al vapor
food.setas-al-vapor-tonificante;Setas al vapor Tonificante
food.setas-al-vapor-vigorizante;Setas al vapor Vigorizante
food.setas-al-vapor-gélido;Setas al vapor Gélido
food.setas-al-vapor-picante;Setas al vapor Picante
food.setas-al-vapor-electrizante;Setas al vapor Electrizante
food.setas-al-vapor-raudo;Setas al vapor Raudo
food.setas-al-vapor-recio;Setas al vapor Recio
food.setas-al-vapor-protector;Setas al vapor Protector
food.setas-al-vapor-sigiloso;Setas al vapor Sigiloso
food.frutas-al-vapor-vivaz;Frutas al vapor Vivaz
food.frutas-al-vapor;Frutas al vapor
food.frutas-al-vapor-gélido;Frutas al vapor Gélido
food.frutas-al-vapor-picante;Frutas al vapor Picante
food.frutas-al-vapor-electrizante;Frutas al vapor Electrizante
food.frutas-al-vapor-recio;Frutas al vapor Recio
food.frutas-al-vapor-sigiloso;Frutas al vapor Sigiloso
food.brocheta-de-pescado-y-setas-vivaz;Brocheta de pescado y setas Vivaz
food.brocheta-de-pescado-y-setas;Brocheta de pescado y setas
food.brocheta-de-pescado-y-setas-tonificante;Brocheta de pescado y setas Tonificante
food.brocheta-de-pescado-y-setas-vigorizante;Brocheta de pescado y setas Vigorizante
food.brocheta-de-pescado-y-setas-gélido;Brocheta de pescado y setas Gélido
food.brocheta-de-pescado-y-setas-picante;Brocheta de pescado y setas Picante
food.brocheta-de-pescado-y-setas-electrizante;Brocheta de pescado y setas Electrizante
food.brocheta-de-pescado-y-setas-raudo;Brocheta de pescado y setas Raudo
food.brocheta-de-pescado-y-setas-recio;Brocheta de pescado y setas Recio
food.brocheta-de-pescado-y-setas-protector;Brocheta de pescado y setas Protector
food.brocheta-de-pescado-y-setas-sigiloso;Brocheta de pescado y setas Sigiloso
food.salteado-de-frutas-y-setas-vivaz;Salteado de frutas y setas Vivaz
food.salteado-de-frutas-y-setas;Salteado de frutas y setas
food.salteado-de-frutas-y-setas-tonificante;Salteado de frutas y setas Tonificante
food.salteado-de-frutas-y-setas-vigorizante;Salteado de frutas y setas Vigorizante
food.salteado-de-frutas-y-setas-gélido;Salteado de frutas y setas Gélido
food.salteado-de-frutas-y-setas-picante;Salteado de frutas y setas Picante
food.salteado-de-frutas-y-setas-electrizante;Salteado de frutas y setas Electrizante
food.salteado-de-frutas-y-setas-raudo;Salteado de frutas y setas Raudo
food.salteado-de-frutas-y-setas-recio;Salteado de frutas y setas Recio
food.salteado-de-frutas-y-setas-protector;Salteado de frutas y setas Protector
food.salteado-de-frutas-y-setas-sigiloso;Salteado de frutas y setas Sigiloso
food.brocheta-de-carne;Brocheta de carne
food.brocheta-de-pescado-vivaz;Brocheta de pescado Vivaz
food.brocheta-de-pescado;Brocheta de pescado
food.brocheta-de-pescado-vigorizante;Brocheta de pescado Vigorizante
food.brocheta-de-pescado-gélido;Brocheta de pescado Gélido
food.brocheta-de-pescado-picante;Brocheta de pescado Picante
food.brocheta-de-pescado-electrizante;Brocheta de pescado Electrizante
food.brocheta-de-pescado-sigiloso;Brocheta de pescado Sigiloso
food.brocheta-de-pescado-recio;Brocheta de pescado Recio
food.brocheta-de-pescado-protector;Brocheta de pescado Protector
food.brocheta-de-setas-vivaz;Brocheta de setas Vivaz
food.brocheta-de-setas;Brocheta de setas
food.brocheta-de-setas-tonificante;Brocheta de setas Tonificante
food.brocheta-de-setas-vigorizante;Brocheta de setas Vigorizante
food.brocheta-de-setas-gélido;Brocheta de setas Gélido
food.brocheta-de-setas-picante;Brocheta de setas Picante
food.brocheta-de-setas-electrizante;Brocheta de setas Electrizante
food.brocheta-de-setas-raudo;Brocheta de setas Raudo
food.brocheta-de-setas-recio;Brocheta de setas Recio
food.brocheta-de-setas-protector;Brocheta de setas Protector
food.brocheta-de-setas-sigiloso;Brocheta de setas Sigiloso
food.brocheta-de-frutos-del-mar-recio;Brocheta de frutos del mar Recio
food.brocheta-de-frutos-del-mar-protector;Brocheta de frutos del mar Protector
food.brocheta-de-frutos-del-mar-vigorizante;Brocheta de frutos del mar Vigorizante
food.brocheta-de-frutos-del-mar-sigiloso;Brocheta de frutos del mar Sigiloso
food.brocheta-de-frutos-del-mar-vivaz;Brocheta de frutos del mar Vivaz
food.tortilla;Tortilla
food.leche-caliente;Leche caliente
food.bayas-salteadas-picante;Bayas salteadas Picante
food.dulce-de-miel-vigorizante;Dulce de miel Vigorizante
food.tónico-feérico;Tónico Feérico
food.tónico-feérico-raudo;Tónico Feérico Raudo
food.tónico-feérico-tonificante;Tónico Feérico Tonificante
food.tónico-feérico-vivaz;Tónico Feérico Vivaz
food.tónico-feérico-antillamas;Tónico Feérico Antillamas
food.elixir-raudo;Elixir Raudo
food.elixir-tonificante;Elixir Tonificante
food.elixir-vivaz;Elixir Vivaz
food.elixir-antillamas;Elixir Antillamas
food.tónico-feérico-gélido;Tónico Feérico Gélido
food.tónico-feérico-picante;Tónico Feérico Picante
food.tónico-feérico-electrizante;Tónico Feérico Electrizante
food.tónico-feérico-vigorizante;Tónico Feérico Vigorizante
food.tónico-feérico-recio;Tónico Feérico Recio
food.tónico-feérico-protector;Tónico Feérico Protector
food.tónico-feérico-sigiloso;Tónico Feérico Sigiloso
food.elixir-gélido;Elixir Gélido
food.elixir-picante;Elixir Picante
food.elixir-electrizante;Elixir Electrizante
food.elixir-vigorizante;Elixir Vigorizante
food.elixir-recio;Elixir Recio
food.elixir-protector;Elixir Protector
food.elixir-sigiloso;Elixir Sigiloso
